{"names":{"0":"1024","1":"512","2":"256","3":"128","4":"parent","5":"hierarchical"},"correctness":{"0":3.7666666667,"1":3.8166666667,"2":3.8916666667,"3":3.9,"4":3.8916666667,"5":3.755},"relevancy":{"0":0.7666666667,"1":0.9166666667,"2":0.9166666667,"3":0.8833333333,"4":0.8833333333,"5":0.85},"faithfulness":{"0":0.5666666667,"1":0.8833333333,"2":0.8166666667,"3":0.8333333333,"4":0.75,"5":0.8166666667},"semantic_similarity":{"0":0.8601841321,"1":0.8630161376,"2":0.8602018736,"3":0.8487795611,"4":0.8677774639,"5":0.8574307805}}