,names,correctness,relevancy,faithfulness,semantic_similarity
0,1024,3.7666666666666666,0.7666666666666667,0.5666666666666667,0.8601841320511022
1,512,3.816666666666667,0.9166666666666666,0.8833333333333333,0.8630161375796315
2,256,3.8916666666666666,0.9166666666666666,0.8166666666666667,0.8602018735562613
3,128,3.9,0.8833333333333333,0.8333333333333334,0.8487795611212154
4,parent,3.8916666666666666,0.8833333333333333,0.75,0.8677774638792198
5,hierarchical,3.7550000000000003,0.85,0.8166666666666667,0.8574307805368995
