,names,correctness,relevancy,faithfulness,semantic_similarity
0,1024,3.7483333333333335,0.7833333333333333,0.6166666666666667,0.8424023353993312
1,512,3.94,0.9,0.85,0.8607913451558583
2,256,3.8916666666666666,0.9166666666666666,0.85,0.8572601392437821
3,128,3.816666666666667,0.95,0.9333333333333333,0.8602464908619614
4,parent,4.056666666666667,0.8666666666666667,0.7666666666666667,0.8595492407685054
5,hierarchical,4.03,0.8833333333333333,0.8333333333333334,0.8613111204189454
