{"names":{"0":"1024","1":"512","2":"256","3":"128","4":"parent","5":"hierarchical"},"correctness":{"0":3.7483333333,"1":3.94,"2":3.8916666667,"3":3.8166666667,"4":4.0566666667,"5":4.03},"relevancy":{"0":0.7833333333,"1":0.9,"2":0.9166666667,"3":0.95,"4":0.8666666667,"5":0.8833333333},"faithfulness":{"0":0.6166666667,"1":0.85,"2":0.85,"3":0.9333333333,"4":0.7666666667,"5":0.8333333333},"semantic_similarity":{"0":0.8424023354,"1":0.8607913452,"2":0.8572601392,"3":0.8602464909,"4":0.8595492408,"5":0.8613111204}}