{"names":{"0":"1024","1":"512","2":"256","3":"128","4":"parent","5":"hierarchical"},"correctness":{"0":3.6,"1":3.6916666667,"2":3.6583333333,"3":3.5166666667,"4":3.75,"5":3.7583333333},"relevancy":{"0":0.4333333333,"1":0.8333333333,"2":0.8833333333,"3":0.85,"4":0.8166666667,"5":0.8333333333},"faithfulness":{"0":0.1666666667,"1":0.4666666667,"2":0.6833333333,"3":0.7666666667,"4":0.5333333333,"5":0.6333333333},"semantic_similarity":{"0":0.8877283014,"1":0.8956706232,"2":0.8986396922,"3":0.8903966951,"4":0.9032839471,"5":0.8963594226}}