,names,correctness,relevancy,faithfulness,semantic_similarity
0,1024,3.6,0.43333333333333335,0.16666666666666666,0.8877283013770788
1,512,3.691666666666667,0.8333333333333334,0.4666666666666667,0.8956706231771443
2,256,3.658333333333333,0.8833333333333333,0.6833333333333333,0.8986396922157515
3,128,3.5166666666666666,0.85,0.7666666666666667,0.8903966950758913
4,parent,3.75,0.8166666666666667,0.5333333333333333,0.9032839470859121
5,hierarchical,3.7583333333333333,0.8333333333333334,0.6333333333333333,0.8963594225853312
